{
  "n": 199,
  "male": 120,
  "female": 79,
  "p_hat": 0.6030150753768844,
  "p_value": 0.004455031170218081,
  "ci_low": 0.5314035548617402,
  "ci_high": 0.6715092395818248
}