{
  "observed_mean_nn_distance": 0.002919941734121985,
  "expected_mean_nn_distance": 0.004223758346629247,
  "NNI": 0.6913136345625058,
  "n_points": 199
}